{"assets/carousel/carousel_1.jpg":["assets/carousel/carousel_1.jpg"],"assets/carousel/carousel_2.jpg":["assets/carousel/carousel_2.jpg"],"assets/carousel/carousel_3.jpg":["assets/carousel/carousel_3.jpg"],"assets/images/avatar.jpg":["assets/images/avatar.jpg"],"assets/images/news.jpg":["assets/images/news.jpg"],"packages/cupertino_icons/assets/CupertinoIcons.ttf":["packages/cupertino_icons/assets/CupertinoIcons.ttf"],"packages/font_awesome_flutter/lib/fonts/fa-brands-400.ttf":["packages/font_awesome_flutter/lib/fonts/fa-brands-400.ttf"],"packages/font_awesome_flutter/lib/fonts/fa-regular-400.ttf":["packages/font_awesome_flutter/lib/fonts/fa-regular-400.ttf"],"packages/font_awesome_flutter/lib/fonts/fa-solid-900.ttf":["packages/font_awesome_flutter/lib/fonts/fa-solid-900.ttf"],"packages/iconsax/lib/assets/fonts/iconsax.ttf":["packages/iconsax/lib/assets/fonts/iconsax.ttf"]}